K Value,Time
10,88.64712953567505
20,177.28345370292664
30,264.2454204559326
40,347.3733170032501
50,433.81226086616516
60,520.8308026790619
70,608.3205673694611
80,703.7886028289795
90,783.8420338630676
